<?xml version="1.0" encoding="UTF-8"?>
<!DOCTYPE mapper
  PUBLIC "-//mybatis.org//DTD Mapper 3.0//EN"
  "http://mybatis.org/dtd/mybatis-3-mapper.dtd">
  
<mapper namespace="lotte.com.a.dao.BbsDao">

<select id="getBbsList" resultType="lotte.com.a.dto.BbsDto">
	select seq, id, ref, step, depth, title, content, wdate, del, readcount
	from bbs
	order by ref desc, step asc
</select>

<insert id="writeBbs" parameterType="lotte.com.a.dto.BbsDto">
	insert into bbs(id, ref, step, depth, title, content, wdate, del, readcount)
	values(#{id}, (select ifnull(max(ref)+1, 0) from bbs a), 0, 0, 
	             #{title}, #{content}, now(), 0, 0)
</insert>

<select id="getBbsSearchList" parameterType="lotte.com.a.dto.BbsParam" 
	resultType="lotte.com.a.dto.BbsDto">

	select seq, id, ref, step, depth, title, content, wdate, del, readcount
	 from bbs
	 <if test="choice != null and choice != '' 
	 			and search != null and search != '' ">
	 	<if test="choice == 'title'">
	 		where title like concat('%', #{search}, '%')
	 	</if>
	 	<if test="choice == 'content'">
	 		where content like concat('%', #{search}, '%')
	 	</if>
	 	<if test="choice == 'writer'">
	 		where id=#{search}
	 	</if>		 			
	 </if>
	 order by ref desc, step asc 	
</select>

<select id="getBbsSearchPageList" parameterType="lotte.com.a.dto.BbsParam" 
	resultType="lotte.com.a.dto.BbsDto">
	select seq, id, ref, step, depth, title, content, wdate, del, readcount
	from 
		(select row_number()over(order by ref desc, step asc) as rnum,
			seq, id, ref, step, depth, title, content, wdate, del, readcount
		 from bbs
		 <if test="choice != null and choice != '' 
		 			and search != null and search != '' ">
		 	<if test="choice == 'title'">
		 		where title like concat('%', #{search}, '%')
		 		and del = 0
		 	</if>
		 	<if test="choice == 'content'">
		 		where content like concat('%', #{search}, '%')
		 		and del = 0
		 	</if>
		 	<if test="choice == 'writer'">
		 		where id=#{search}
		 		and del = 0
		 	</if>		 			
		 </if>
		 order by ref desc, step asc) a 
	where rnum between #{start} and #{end}
</select>

<!-- 글의 총수 -->
<select id="getBbsCount" parameterType="lotte.com.a.dto.BbsParam" resultType="Integer">

	select ifnull(count(*), 0)
	from bbs
	<if test="choice != null and choice != '' 
		 			and search != null and search != '' ">
	 	<if test="choice == 'title'">
	 		where title like concat('%', #{search}, '%')
	 	</if>
	 	<if test="choice == 'content'">
	 		where content like concat('%', #{search}, '%')
	 	</if>
	 	<if test="choice == 'writer'">
	 		where id=#{search}
	 	</if>		 			
	 </if>
</select>

<select id="getBbsReactdetail" parameterType="String" resultType="lotte.com.a.dto.BbsDto">
	select seq, id, ref, step, depth, title, content, wdate, del, readcount
	from bbs
	where seq = #{seq}
</select>

<update id="UpdateBbsReact" parameterType="lotte.com.a.dto.BbsDto">
	update bbs set title = #{title}, content = #{content}, wdate= now() where seq = #{seq}
</update>

<update id="answerUpdate" parameterType="lotte.com.a.dto.BbsDto">
	update bbs set step=step+1
	where ref = (select ref from (select ref from bbs a where seq=#{seq}) A)
	and step > (select step from (select step from bbs b where seq=#{seq}) B)
</update>

<insert id="answerInsert" parameterType="lotte.com.a.dto.BbsDto">
	insert into bbs(id, ref, step, depth, title, content, wdate, del, readcount)
		   values(#{id},(select ref from bbs a where seq=#{seq}),(select step from bbs b where seq=#{seq}) + 1,
		   			(select depth from bbs c where seq=#{seq}) + 1, #{title}, #{content}, now(), 0, 0);
</insert>

<update id="deleteBbsReact" parameterType="String">
	update bbs set del = 1 where seq = #{seq}
</update>

<select id="getReply" parameterType="String" resultType="lotte.com.a.dto.ReplyDto">
	select seq, id, content, wdate, del, bbs_seq
	from reply
	where bbs_seq = #{seq}
	and del = 0
	order by wdate desc
</select>

<select id="getReplyCount" parameterType="String" resultType="Integer">
	select ifnull(count(*),0)
	from reply
	where bbs_seq = #{seq}
	and del = 0
</select>

<insert id="insertReply" parameterType="lotte.com.a.dto.ReplyDto">
	insert into reply(id,content,wdate,del,bbs_seq)
		   values(#{id},#{content},now(),0,#{bbsSeq})
</insert>

<update id="deleteReply" parameterType="String">
	update reply set del = 1 where seq = #{seq}
</update>


<!-- 
조회수 테이블
create table views(
	id varchar(50),
    bbsseq int,
    primary key (id,bbsseq)
);
 -->
<insert id="insertview" parameterType="String">
	insert IGNORE into views(id,bbsseq) values(#{id},#{bbsseq})
</insert>

<select id="selectview" parameterType="String" resultType="Integer">
	select ifnull(count(*),0)
	from views
	where bbsseq=#{bbsseq}
</select>

</mapper>



